Team,Player,Position,PredictedRating,RatingPoints_Avg,TimeOnGround,Disposals,Marks,Tackles,Goals_Total,Goals_Avg,Inside50s,Rebound50s,MetresGained,TotalClearances,IsSelected
Fremantle,Hugh Davies,,4.76756139953056,,,,,,,,,,,,1
Fremantle,Mason Cox,,5.30256402740444,3.163,56.625,6.625,2,1.875,2,0.25,0.375,0.75,81.25,1.625,1
Fremantle,Cooper Simpson,,5.47654374451694,,,,,,,,,,,,1
Fremantle,Jaren Carr,,5.71701389189729,,,,,,,,,,,,1
Fremantle,Charlie Nicholls,,5.71701389189729,,,,,,,,,,,,1
Fremantle,Tobyn Murray,,5.71701389189729,,,,,,,,,,,,1
Fremantle,Ollie Murphy,,5.71701389189729,,,,,,,,,,,,1
Fremantle,Aiden Riddle,,5.71701389189729,,,,,,,,,,,,1
Fremantle,Adam Sweid,,5.71701389189729,,,,,,,,,,,,1
Fremantle,Leon Kickett,,5.71701389189729,,,,,,,,,,,,1
Fremantle,Toby Whan,,5.71701389189729,,,,,,,,,,,,1
Fremantle,Ryda Luke,,5.71701389189729,,,,,,,,,,,,1
Fremantle,Jeremy Sharp,,5.72030272639766,6.35,67.5,12,6,1,2,1.0,2,0,216,0,1
Fremantle,Oscar McDonald,,5.8300562511269,6.62,91.2,12.2,4.4,2,0,0.0,1,3.2,203.4,0.2,1
Fremantle,Joshua Draper,,6.08279395284292,,,,,,,,,,,,1
Fremantle,Brandon Walker,,6.48187055343022,5,91,10,0,1,0,0.0,1,2,203,1,1
Fremantle,Christopher Scerri,,6.7421792265371,6.371,68.143,9.571,0.857,1.714,1,0.143,1.143,0.286,80.143,0.143,1
Fremantle,Jye Amiss,,7.08110644933248,8.523,89.154,10.154,4.846,1.077,32,2.462,0.846,0,148.692,0.077,1
Fremantle,Judd McVee,,7.12939832751493,6.825,79,16.083,4.417,0.667,0,0.0,1.333,3.167,200.833,1,1
Fremantle,Sam Sturt,,7.24846169874822,,,,,,,,,,,,1
Fremantle,Patrick Voss,,7.39537709095088,6.375,86.333,11.75,4.333,3.167,24,2.0,2,0.167,211.917,0.167,1
Fremantle,Bailey Banfield,,7.48068457869349,,,,,,,,,,,,1
Fremantle,Michael Frederick,,7.48935792769931,9.287,75.5,12.5,3.5,1.625,10,1.25,2.75,0.75,263.875,0.75,1
Fremantle,Karl Worner,,7.51514929620269,7.223,80.154,18.231,5.846,2.231,0,0.0,1.385,4.462,352.231,0.538,1
Fremantle,Isaiah Dudley,,7.54071330233542,8.3,69.462,9,1.462,2.692,17,1.308,1.385,0.231,134.538,0.538,1
Fremantle,Alex Pearce,,7.54157480928929,6.964,77.182,8.091,3.636,1.182,0,0.0,0.636,1.818,107.636,0.182,1
Fremantle,Brennan Cox,,7.57447285883722,7.14,76.7,13,5.3,1.8,0,0.0,0.6,3,171.3,0.1,1
Fremantle,Heath Chapman,,7.70962337907795,8.077,85.538,16.769,5.923,1.769,1,0.077,2.154,3.154,311.077,0.231,1
Fremantle,Neil Erasmus,,7.93136344258693,6.131,74,17.462,4,3.077,4,0.308,2.462,2.231,241.308,1.692,1
Fremantle,Corey Wagner,,8.50658468446878,7.783,75.75,18.083,3.583,2.333,0,0.0,2.917,2.917,396.75,1.25,1
Fremantle,Luke Ryan,,8.59408171152447,8.875,86.5,20.833,7.5,1.667,0,0.0,1.417,4.833,424.583,0.083,1
Fremantle,Jaeger O'Meara,,8.66748188351703,8.075,71.75,16.75,3.5,3,0,0.0,2.5,1.25,261.75,2,1
Fremantle,Nathan O'Driscoll,,8.85353066995967,10.15,78.667,20,4,1.833,1,0.167,3.333,1.167,300.833,1.167,1
Fremantle,Matthew Johnson,,9.32262224397148,9.625,74.917,16.083,2.25,3,4,0.333,2.583,1,252.417,2.083,1
Fremantle,Sam Switkowski,,9.54123172346939,9.077,72.385,11.231,2.154,2.692,10,0.769,2.231,0.077,139.462,0.615,1
Fremantle,Jordan Clark,,9.59277778720953,9.454,83.385,22.462,5,1.923,1,0.077,3.077,5,492.462,1.154,1
Fremantle,Josh Treacy,,10.2891639771183,11.946,88.308,13.923,7.077,2.462,32,2.462,2.692,0.154,270.308,0.077,1
Fremantle,Sean Darcy,,10.4681202320775,6.18,44.4,7.2,1.4,1.8,1,0.2,1.6,0,94.4,1.4,1
Fremantle,Murphy Reid,,10.9179073813836,11,82.846,23.769,3.615,2.231,9,0.692,4.154,0.846,315.077,2.154,1
Fremantle,Shai Bolton,,12.3694707774595,15.115,81.538,24.385,2.692,3.154,13,1.0,5.923,0.923,432.538,4.385,1
Fremantle,Andrew Brayshaw,,12.4992233567498,11.331,78.077,23.846,2.692,6,4,0.308,3.538,1,362.769,4.769,1
Fremantle,Hayden Young,,13.5893713463933,14,72.5,19.667,3.667,3.833,7,1.167,4.167,0.833,316,4.5,1
Fremantle,Luke Jackson,,14.5372672386357,16.031,77.846,19,2.615,5.154,12,0.923,2.231,0.923,196,5,1
Fremantle,Caleb Serong,,14.807021095138,15.04,79.4,24.9,2.6,4.5,5,0.5,4.7,1.7,401.2,6.3,1
Geelong,Harley Barker,,5.71701389189729,,,,,,,,,,,,1
Geelong,Jacob Molier,,5.71701389189729,,,,,,,,,,,,1
Geelong,Jay Polkinghorne,,5.71701389189729,,,,,,,,,,,,1
Geelong,Joe Pike,,5.71701389189729,,,,,,,,,,,,1
Geelong,Lennox Hofmann,,5.71701389189729,,,,,,,,,,,,1
Geelong,Keighton Matofai-Forbes,,5.71701389189729,,,,,,,,,,,,1
Geelong,Nicholas Driscoll,,5.71701389189729,,,,,,,,,,,,1
Geelong,Jesse Mellor,,5.71701389189729,,,,,,,,,,,,1
Geelong,Hunter Holmes,,5.71701389189729,,,,,,,,,,,,1
Geelong,Cillian Burke,,5.71701389189729,,,,,,,,,,,,1
Geelong,Jake Kolodjashnij,,6.54047533106853,7.2,76.75,12.125,4.125,1,1,0.125,0.75,2,145.375,0.125,1
Geelong,Oliver Henry,,6.77091799709778,6.754,81.154,11.077,3.154,1.692,23,1.769,2.692,0.077,205.154,0.538,1
Geelong,Mark O'Connor,,6.86045416681079,7.4,79.75,14.5,4.833,2.25,3,0.25,1.583,1.833,194.5,0.917,1
Geelong,Jack Martin,,7.01224367045299,5.908,70.75,11.833,4.5,2.667,14,1.167,1.333,0.167,166,0.833,1
Geelong,Jed Bews,,7.04314430391965,,,,,,,,,,,,1
Geelong,Oliver Wiltshire,,7.06275516417196,6.667,75.833,10.333,1.5,1.167,5,0.833,3.167,0.5,216.667,0.667,1
Geelong,George Stevens,,7.17766965399855,4.6,60,11,2,4,0,0.0,1,0,89,2,1
Geelong,Jack Henry,,7.2108060973944,6.45,84,9.7,4.2,1.1,5,0.5,0.9,1,111.9,0.1,1
Geelong,Mitch Knevitt,,7.83266385313636,7.4,77,11,3,0,1,1.0,1,0,194,0,1
Geelong,Jhye Clark,,7.90454624458906,6.3,62,11.667,1.667,2.333,2,0.667,2.667,0,227.333,1.333,1
Geelong,Oisin Mullin,,7.99347784136743,8.15,79.643,13.786,3.071,3.857,1,0.071,1.857,1.286,225.643,2.286,1
Geelong,Brad Close,,8.00840136017623,8.1,78.1,8.9,2,2.3,8,0.8,2.3,0,139.4,0.1,1
Geelong,Zach Guthrie,,8.08268693272195,7.957,77,16.714,5.143,2.714,1,0.071,1.071,2.786,271,0.714,1
Geelong,Mitchell Edwards,,8.28643619370784,7.109,60.364,8.545,0.818,2.182,0,0.0,1.727,0.273,88.545,2.273,1
Geelong,Tanner Bruhn,,8.32361564824522,6.385,69.769,21.308,4.769,3.231,0,0.0,3.462,2.154,347.769,1.692,1
Geelong,Mark Blicavs,,8.54410089170421,6.8,71.273,12.818,2.273,3,1,0.091,1.091,0.727,153.545,2,1
Geelong,Rhys Stanley,,8.58539200030753,15.4,66,17,3,3,0,0.0,4,0,240,3,1
Geelong,Sam De Koning,,8.68679382153608,9.238,73,14.462,4.154,1.846,1,0.077,1.231,1.538,165.769,1.923,1
Geelong,Shannon Neale,,8.76941263904642,10.121,88.571,10.571,4.357,2.571,25,1.786,2.357,0.143,209.143,1,1
Geelong,Connor O'Sullivan,,9.06675352960652,8.814,91.429,16,6.643,1.643,1,0.071,1,3.5,282.571,0.143,1
Geelong,Tyson Stengle,,9.23266857836852,,,,,,,,,,,,1
Geelong,Patrick Dangerfield,,9.56193566699736,7.97,67.3,14.9,3.1,1.3,12,1.2,2.7,0.2,251.7,2,1
Geelong,Lawson Humphries,,10.0596242901116,10.815,81.154,20.231,5.923,2.385,3,0.231,2.385,3.923,444.385,0.462,1
Geelong,Toby Conway,,10.0609203085257,,,,,,,,,,,,1
Geelong,Tom Stewart,,10.070678702732,10.415,81.154,20.769,5,1.615,1,0.077,0.769,6.385,431.154,0.538,1
Geelong,James Worpel,,10.126939701192,9.85,70,17.5,2.833,5.5,3,0.5,5,1.333,283.167,5.667,1
Geelong,Jeremy Cameron,,10.3473701935344,11.408,90.231,15.231,7,1.154,37,2.846,3.077,0.231,368.923,0.154,1
Geelong,Oliver Dempsey,,10.430247404256,10,87.214,18.5,4.857,1.857,15,1.071,2.643,1.429,281.714,1,1
Geelong,Jack Bowes,,10.4329059779908,10.443,69.571,18.857,4,2.429,7,1.0,3.286,1.143,339.714,1,1
Geelong,Gryan Miers,,10.5416491791335,7.656,79.111,22.778,5.667,2.667,0,0.0,3.111,1.667,304,1,1
Geelong,Tom Atkins,,11.1501538773423,10.371,73.214,18.286,1.571,6.5,2,0.143,2.929,1,187.5,3.571,1
Geelong,Shaun Mannagh,,11.8705948198348,12.379,80.357,15.857,2.357,2.357,21,1.5,4.714,0.429,364.286,2.214,1
Geelong,Bailey Smith,,14.3635334178071,15.814,83.857,32.286,4.143,5,6,0.429,6.857,2.786,631.929,5.5,1
Geelong,Max Holmes,,14.5390161697291,14.179,80.5,29.357,5.286,3.143,4,0.286,4.643,4.786,572.357,3.929,1
Gold Coast,Lachlan Gulbin,,4.32394625184748,4.463,74.875,10.75,2.375,2.125,3,0.375,2.125,0.625,175.25,0,1
Gold Coast,Ben Jepson,,4.64291728809803,2.9,70.5,8.5,3,2.5,0,0.0,1,0.5,141,0.5,1
Gold Coast,Ethan Read,,4.75256982239174,3.822,74.444,10.222,3.333,1.444,9,1.0,1.111,0.222,126.333,0.556,1
Gold Coast,Jai Murray,,5.03069896929231,3.3,69,14,5.5,1.5,0,0.0,2.5,1,260.5,0,1
Gold Coast,Jed Walter,,5.39961672554621,5.787,72.375,8.125,3.5,1.125,15,1.875,1.5,0.25,167.875,0.125,1
Gold Coast,Oscar Adams,,5.42957291243355,6.14,73.8,10.5,3.7,1.4,0,0.0,0.5,0.9,100.3,0,1
Gold Coast,Caleb Lewis,,5.71701389189729,,,,,,,,,,,,1
Gold Coast,Max Knobel,,5.71701389189729,,,,,,,,,,,,1
Gold Coast,Asher Eastham,,5.71701389189729,,,,,,,,,,,,1
Gold Coast,Cooper Bell,,5.71701389189729,,,,,,,,,,,,1
Gold Coast,Avery Thomas,,5.71701389189729,,,,,,,,,,,,1
Gold Coast,Beau Addinsall,,5.71701389189729,,,,,,,,,,,,1
Gold Coast,Koby Coulson,,5.71701389189729,,,,,,,,,,,,1
Gold Coast,Dylan Patterson,,5.71701389189729,,,,,,,,,,,,1
Gold Coast,Zak Evans,,5.71701389189729,,,,,,,,,,,,1
Gold Coast,Zeke Uwland,,5.88426075328235,5.39,69.8,12.3,2.9,1.1,6,0.6,2.4,1.6,294.6,0.3,1
Gold Coast,Jamarra Ugle-Hagan,,6.19720058758658,1.267,66.667,5.667,2.667,0.667,4,1.333,1,0,139,0,1
Gold Coast,Jy Farrar,,6.36562280529033,1,63,7,2,2,1,0.5,1,0,65,0,1
Gold Coast,Nick Holman,,6.50714818340276,6.45,77,11,2,2,0,0.0,1.5,0.5,143.5,0,1
Gold Coast,Charlie Ballard,,6.60030663409918,4.6,69.4,10,4.2,0.8,0,0.0,0.2,1.4,90.2,0.2,1
Gold Coast,Ben Long,,6.94701771162298,7.908,79,10.833,2.833,2.167,15,1.25,2.417,0.167,175.583,0.333,1
Gold Coast,Ben King,,6.99814573957568,8.215,89,7.538,3.769,0.462,41,3.154,0.846,0,159.769,0.077,1
Gold Coast,Elliott Himmelberg,,7.25510013579865,,,,,,,,,,,,1
Gold Coast,Jake Rogers,,7.30487590412195,7.88,61.8,9.8,1.4,2.4,3,0.6,1.4,0.2,115,0.6,1
Gold Coast,Sam Clohesy,,7.88982778169908,7.025,73.875,15.875,4.375,2.625,2,0.25,2,0.875,290,0.625,1
Gold Coast,Will Graham,,8.09205276337855,6.382,70.364,11.273,2.545,3.273,5,0.455,2.727,0.273,180,1.182,1
Gold Coast,Caleb Graham,,8.45112304347505,,,,,,,,,,,,1
Gold Coast,Leonardo Lombard,,8.78405949430847,7.862,79.231,14.077,2.923,2.538,7,0.538,2.923,0.231,201.462,0.769,1
Gold Coast,Lachie Weller,,9.12252824856216,9.891,68.818,14.455,2.909,2,5,0.455,2.545,1.364,322.909,1,1
Gold Coast,Daniel Rioli,,9.17353024060196,8.723,82.385,21,4.154,2.462,2,0.154,2.769,3.077,390.462,0.462,1
Gold Coast,Joel Jeffrey,,9.42271159298647,9.317,70.5,18.333,5.583,1.833,4,0.333,2.917,3.167,391.5,0.917,1
Gold Coast,Bailey Humphrey,,9.49628287605134,7.52,81.4,13,3.4,3.3,8,0.8,4.1,0.2,310.2,1,1
Gold Coast,Wil Powell,,9.58506265637951,10.875,81.083,17.083,5.083,4.167,4,0.333,2.75,3.417,398.333,1.167,1
Gold Coast,Mac Andrew,,9.91808330540432,11.277,88.077,17.308,6.538,1.692,1,0.077,1.538,3.077,300.462,0.538,1
Gold Coast,John Noble,,10.1226192656104,11.862,83.308,27,6.846,1.769,7,0.538,2.692,6.538,565.231,0.462,1
Gold Coast,Alex Davies,,10.3871094531639,8.617,58.167,16.167,1,4.5,3,0.5,2.833,0.667,165.167,2.5,1
Gold Coast,Ned Moyle,,10.4220036213095,9.733,79.833,10.667,2.5,2.667,4,0.667,2.167,0.5,160.5,1.167,1
Gold Coast,Sam Collins,,10.6238678232515,9.969,93.846,14.846,6.615,1.385,0,0.0,0.385,2.923,178.154,0.077,1
Gold Coast,Jarrod Witts,,10.9288612949771,9.95,70.9,11.2,1.8,2.2,1,0.1,2.1,1.1,171.7,3.9,1
Gold Coast,Bodhi Uwland,,11.4113162816501,13.215,86.538,23.923,6.385,1.538,1,0.077,1.462,3.769,418.846,0.692,1
Gold Coast,Touk Miller,,12.8608768783101,12.415,80.769,25,3.923,3.615,6,0.462,3.615,1.769,357.769,3.462,1
Gold Coast,Matt Rowell,,14.1461555446972,11.875,82.375,24.25,1.75,5.875,3,0.375,4,1.375,321.125,6.375,1
Gold Coast,Noah Anderson,,14.8298888782989,13.408,85.333,27.333,4.833,3.333,4,0.333,5.417,3.583,566.5,5.25,1
Gold Coast,Christian Petracca,,15.8733833493169,18.973,81.091,25.273,3.545,3.091,17,1.545,5.636,0.545,418.909,6,1
Hawthorn,Bodie Ryan,,3.99384195935892,3.2,75.25,10.5,3.75,1.25,0,0.0,0.75,0.75,185.75,0.25,1
Hawthorn,Cameron Nairn,,4.26266163854651,2.6,71,13.333,3.333,0.667,0,0.0,0.333,1,121,0,1
Hawthorn,Max Ramsden,,5.14701850279973,3.75,79,9.5,3,0.5,1,0.5,0.5,0,47,0.5,1
Hawthorn,William McCabe,,5.14735061560653,3.2,63,6,4,0,1,1.0,2,0,133,0,1
Hawthorn,Jack Dalton,,5.39529038634605,2.95,60.5,10,2,3.5,0,0.0,1,0.5,142,0.5,1
Hawthorn,Flynn Perez,,5.39543674400119,6.12,73.4,11.4,1.8,4.2,0,0.0,1.2,0.2,147.8,0.2,1
Hawthorn,Sam Butler,,5.49891898419908,4.871,71.714,11.857,3.571,3.714,4,0.571,2.143,0.571,193.286,0.857,1
Hawthorn,Matthew LeRay,,5.71701389189729,,,,,,,,,,,,1
Hawthorn,Cody Anderson,,5.71701389189729,,,,,,,,,,,,1
Hawthorn,Noah Mraz,,5.71701389189729,,,,,,,,,,,,1
Hawthorn,Max Beattie,,5.71701389189729,,,,,,,,,,,,1
Hawthorn,Aidan Schubert,,5.71701389189729,,,,,,,,,,,,1
Hawthorn,Oliver Greeves,,5.71701389189729,,,,,,,,,,,,1
Hawthorn,Jaime Uhr-Henry,,5.71701389189729,,,,,,,,,,,,1
Hawthorn,Matt Hill,,5.71701389189729,,,,,,,,,,,,1
Hawthorn,James Blanck,,6.17326899643169,,,,,,,,,,,,1
Hawthorn,Finn Maginness,,6.27771278427459,6.96,74.6,14.6,2,2.2,2,0.4,0.6,1.2,128.4,0.6,1
Hawthorn,Calsher Dear,,6.75327296611547,4.85,75.5,9,3.75,3,3,0.75,1.75,0.25,118.75,0,1
Hawthorn,Mitch Lewis,,7.11649129583185,8.008,79.846,12.692,6,1.462,20,1.538,2.385,0,202.231,0.308,1
Hawthorn,Bailey Macdonald,,7.45565902774546,7.6,79.333,13.667,3.333,1.333,0,0.0,0.333,1.667,147,0,1
Hawthorn,Harry Morrison,,7.75749002347967,4.467,81,17,5.333,3,1,0.333,2.667,1.333,288,0.667,1
Hawthorn,Henry Hustwaite,,7.89371649536774,8.2,71,19,1,3,0,0.0,1,1,170,6,1
Hawthorn,Mabior Chol,,8.43627000924031,7.65,67.25,9,4.375,2.125,13,1.625,2,0,179.375,1.375,1
Hawthorn,Jack Ginnivan,,8.55936014821687,8.592,82.615,19.615,6.154,2.154,10,0.769,4.538,1.154,347.385,1.154,1
Hawthorn,Jack Scrimshaw,,8.79668817048286,6.717,78.833,17.333,4.667,1.5,0,0.0,0.333,3.167,216.5,0.333,1
Hawthorn,Jack Gunston,,8.84948276218258,11.122,82.556,11.222,6,0.889,35,3.889,1.222,0,257,0.222,1
Hawthorn,Tom Barrass,,9.07687594258329,9.333,77.333,9.778,4.556,1,1,0.111,0.667,2.222,132.778,0,1
Hawthorn,Karl Amon,,9.17530226138077,8.5,81.333,23.417,5.917,1.917,0,0.0,2.833,4.25,498.667,0.5,1
Hawthorn,Blake Hardwick,,9.2091063876095,9.7,90.385,16.385,5.692,2.308,8,0.615,1.154,2.462,252.385,0.462,1
Hawthorn,Jarman Impey,,9.23234367181859,10.085,81.538,23.769,7.615,1.692,1,0.077,3.385,4.692,481.231,0.846,1
Hawthorn,Conor Nash,,9.30401518416289,9.85,74.4,19.1,2.1,5.3,2,0.2,2,1.4,206,5.5,1
Hawthorn,Connor Macdonald,,9.57826648172365,10.831,78.923,20.846,4.462,3.385,10,0.769,4.923,0.846,331.615,2,1
Hawthorn,Josh Battle,,9.7169975896878,9.846,95.692,20.462,7.385,1.462,0,0.0,1.231,4.923,358.692,0.308,1
Hawthorn,Josh Weddle,,9.93712251702363,8.454,85.769,15.769,4.923,2.538,5,0.385,3,2.385,331.692,0.538,1
Hawthorn,Cam Mackenzie,,10.0843458905866,9.455,71.818,21.091,2.727,4,1,0.091,2.909,0.727,267.364,3.182,1
Hawthorn,Dylan Moore,,10.1439461000111,9.467,86.667,18.75,4.167,2.583,11,0.917,2.75,0.333,251,0.833,1
Hawthorn,Massimo D'Ambrosio,,10.2201647493881,10.885,81.385,20.385,5,2.769,4,0.308,4,1.462,469.538,1.154,1
Hawthorn,Lloyd Meek,,10.2451431328932,7.531,54,11.077,2.308,3.077,3,0.231,1.385,0.692,105.923,3,1
Hawthorn,James Sicily,,10.5757561591256,11.983,90.583,22.167,8,2.417,0,0.0,2.417,5.083,366.167,0.333,1
Hawthorn,Josh Ward,,10.8423470338792,10.185,77,22.231,4.154,3.231,0,0.0,3.615,1.077,275.923,2.923,1
Hawthorn,Ned Reeves,,11.2519044429079,9.45,54.25,7.917,0.917,2.5,5,0.417,1.417,0.25,117.333,3.083,1
Hawthorn,Nick Watson,,12.9611186413226,16.446,80.154,14.077,2.462,2.231,33,2.538,2.769,0.077,252,1.385,1
Hawthorn,Will Day,,12.985418768713,14.6,64.5,21.5,4,5.5,1,0.5,3,2,302.5,6,1
Hawthorn,Jai Newcombe,,13.4973168130085,14.215,79.615,26.231,2.769,4.154,4,0.308,3.615,1.769,336.154,7.692,1
Adelaide,Sid Draper,,4.33522481623442,,,,,,,,,,,,1
Adelaide,Toby Murray,,5.13933511532694,4.412,59.125,7.5,3.375,2.125,6,0.75,1,0.375,154.875,0.75,1
Adelaide,Hugh Bond,,5.15355025781973,4.257,83.429,11,3.143,2.429,0,0.0,0.714,2.286,161.143,0.571,1
Adelaide,Max Michalanney,,5.3412615802108,5.154,81.615,14.308,5.154,2.462,0,0.0,1.308,2.846,244.231,0.308,1
Adelaide,Finnbar Maley,,5.55067785949037,5.1,62.2,7,3,2.4,3,0.6,1.2,0.2,84.2,0.4,1
Adelaide,Darcy Fogarty,,5.6207025358454,4.257,79.857,10.429,4.143,2.714,8,1.143,1.429,0,186.714,0.143,1
Adelaide,Tyler Welsh,,5.71701389189729,,,,,,,,,,,,1
Adelaide,Oscar Ryan,,5.71701389189729,,,,,,,,,,,,1
Adelaide,Mitchell Marsh,,5.71701389189729,,,,,,,,,,,,1
Adelaide,Archie Ludowyke,,5.71701389189729,,,,,,,,,,,,1
Adelaide,Indy Cotton,,5.71701389189729,,,,,,,,,,,,1
Adelaide,Jordon Butts,,6.00584779236601,6.1,86.222,11.222,4.444,0.556,1,0.111,0.667,2.333,151.333,0.444,1
Adelaide,Luke Pedlar,,6.23762888814152,5.69,67.3,9.5,2.9,2.1,8,0.8,1.7,0.4,161.5,0.4,1
Adelaide,Callum Ah Chee,,6.24726070054094,4.6,66.75,10.5,3.25,1.25,3,0.75,2.25,0.25,153.25,1,1
Adelaide,Chayce Jones,,6.26664178575575,5.6,85,11.667,2.333,1.667,0,0.0,0.667,2.667,199.333,0,1
Adelaide,Charlie Edwards,,6.45020972991358,6.25,73,15,3,2,0,0.0,2.5,0,340,2.5,1
Adelaide,Billy Dowling,,6.7055132117562,,,,,,,,,,,,1
Adelaide,Hugo Hall-Kahan,,7.05615240992328,8.65,67.5,19.5,2.5,1,0,0.0,4,4,357.5,1,1
Adelaide,Nick Murray,,7.31095227124794,8.344,92.222,12.222,4,2,2,0.222,1.111,4.333,260.111,0.222,1
Adelaide,Lachlan Sholl,,7.35700382291446,,,,,,,,,,,,1
Adelaide,Taylor Walker,,7.81338785779753,9.012,71.5,10,4.25,1.75,13,1.625,2.125,0.125,238.125,0.125,1
Adelaide,Luke Nankervis,,7.83561251705295,7.5,67.714,12.714,1.857,2.571,2,0.286,0.714,1,158.857,0.714,1
Adelaide,Isaac Cumming,,7.8602450705027,8.678,76.222,14.889,4.222,2.667,5,0.556,2.111,1.778,272.889,0.889,1
Adelaide,James Borlase,,8.16034805818656,8.887,91.875,10.875,4,1.625,0,0.0,0.5,1.875,139.625,0,1
Adelaide,Zac Taylor,,8.27551974388328,8.782,73.818,12.273,4.091,3,8,0.727,2.636,0.364,225.818,0.364,1
Adelaide,Mitchell Hinge,,8.64668492364438,8.3,37,10,1,1,0,0.0,1,1,231,1,1
Adelaide,Rory Laird,,8.94630280118958,7.864,81.091,25.091,6.636,2.273,0,0.0,1.455,3.545,302.545,0.909,1
Adelaide,Jake Soligo,,9.35196659419413,8.3,71.182,16.455,2.818,4,6,0.545,2.636,1.182,227.727,2.182,1
Adelaide,Alex Neal-Bullen,,9.37950527067296,8.358,84.583,17.167,4.333,3.583,8,0.667,3,0.833,282.75,1.167,1
Adelaide,Brayden Cook,,9.38147402100206,10.785,81.538,17.308,4.769,2.077,7,0.538,3.077,2.385,378.231,1,1
Adelaide,Josh Rachele,,9.403350222604,11.131,82.154,18.615,3.615,3.154,22,1.692,3.769,1.154,340.615,2.538,1
Adelaide,Reilly O'Brien,,9.6366481580476,-1.6,35,3,1,1,0,0.0,0,0,36,2,1
Adelaide,Josh Worrell,,9.75246096477791,10.408,87.769,23.692,6.154,1.692,0,0.0,1.615,5.769,473.154,0.538,1
Adelaide,Ben Keays,,10.1519069271453,10.962,87.231,15.385,2.692,2.769,16,1.231,2.538,0.385,206.231,1.077,1
Adelaide,James Peatling,,10.153736581215,10.9,71.692,20.538,3,5.231,4,0.308,2.615,1.538,291.615,4.231,1
Adelaide,Daniel Curtin,,10.1725057941913,9.367,80.667,13.167,4.667,3.333,1,0.167,2.667,1.333,264.667,1.667,1
Adelaide,Wayne Milera,,10.185149098554,11.877,80.846,25.923,5.385,2.385,1,0.077,2.231,5.385,448.462,1.385,1
Adelaide,Mark Keane,,10.4050704388214,,,,,,,,,,,,1
Adelaide,Lachlan McAndrew,,11.1256833139042,11.523,71.615,11.769,2.385,4.615,4,0.308,2.231,0.923,165.385,4.538,1
Adelaide,Riley Thilthorpe,,11.2113572848108,9.173,85,13.182,5.182,1.636,17,1.545,2.636,0.091,272.091,1.182,1
Adelaide,Sam Berry,,11.6918552266835,12.669,72.846,22.846,2.154,7.538,2,0.154,3.462,1.385,349.846,5.154,1
Adelaide,Izak Rankine,,12.2688200628744,11.68,77.5,19.9,3.4,4.1,11,1.1,4.1,1.3,377.8,3.2,1
Adelaide,Jordan Dawson,,15.3401112142934,19.67,83.3,25.8,5.8,5.8,15,1.5,4.9,2.4,471.6,3.7,1
Melbourne,Jack Henderson,,4.20669669718652,,,,,,,,,,,,1
Melbourne,Aidan Johnson,,4.24284293485723,,,,,,,,,,,,1
Melbourne,Matthew Jefferson,,4.99461646822551,5.414,82.143,8.429,3,1.714,7,1.0,1.429,0,130.571,0,1
Melbourne,Luker Kentfield,,5.1714281538951,2.25,63.5,4.5,2.5,3,1,0.5,0.5,0.5,157,0,1
Melbourne,Lukas Cooke,,5.41263059231179,0.7,32,7,4,0,0,0.0,1,1,102,0,1
Melbourne,Oscar Berry,,5.71701389189729,,,,,,,,,,,,1
Melbourne,Max Mapley,,5.71701389189729,,,,,,,,,,,,1
Melbourne,Ricky Mentha,,5.71701389189729,,,,,,,,,,,,1
Melbourne,Riley Onley,,5.71701389189729,,,,,,,,,,,,1
Melbourne,Kalani White,,5.71701389189729,,,,,,,,,,,,1
Melbourne,Thomas Matthews,,5.71701389189729,,,,,,,,,,,,1
Melbourne,Xavier Taylor,,5.76531790176699,5.35,71,7.5,1,2.5,0,0.0,1,2.5,99.5,0.5,1
Melbourne,Joel Fitzgerald,,5.77318857606333,5.4,68,26,3,3,0,0.0,3,2,196,5,1
Melbourne,Paddy Cross,,5.80152968729931,6.45,73,8.375,2.125,2.75,6,0.75,1.875,0.5,176.5,0.625,1
Melbourne,Jed Adams,,5.91082609875191,,,,,,,,,,,,1
Melbourne,Andy Moniz-Wakefield,,5.99740857124725,3.2,38,7.5,1.5,2.5,1,0.5,2,0.5,93,0.5,1
Melbourne,Latrelle Pickett,,6.05336648137841,4.767,68.75,9.25,1.917,1,5,0.417,2.417,0.417,183.75,1.083,1
Melbourne,Brody Mihocek,,6.14531000638188,6.05,70,7.1,3.9,1.1,16,1.6,1.6,0.1,164.4,0.2,1
Melbourne,Bailey Laurie,,6.58151125990588,5.467,65.333,13.778,3,2.333,4,0.444,3.222,1.111,255,1,1
Melbourne,Jacob van Rooyen,,6.67496108454567,6.243,82,10.786,4.071,1.143,21,1.5,1.643,0.071,187.357,0.571,1
Melbourne,Changkuoth Jiath,,6.7605374559286,5.513,67,14.125,5.5,1.625,0,0.0,1.625,2.875,236.875,0.125,1
Melbourne,Harrison Petty,,6.78650858411738,6.454,85.615,10.077,4.615,2.769,8,0.615,1.077,0.846,148.077,0.154,1
Melbourne,Jake Melksham,,7.14920758530496,6.2,78.333,8,3,0.667,6,2.0,1.667,0,122.667,0,1
Melbourne,Blake Howes,,7.20412805741781,7.171,81.714,15.214,5.071,2.143,0,0.0,1,2.357,211.643,0.214,1
Melbourne,Xavier Lindsay,,7.24695308527321,8.6,73,16.4,2.2,2.2,1,0.2,1.2,4.6,340.8,0.6,1
Melbourne,Shane McAdam,,7.4289182554543,,,,,,,,,,,,1
Melbourne,Tom McDonald,,7.86400027886198,7,97.5,13.75,6.25,1,0,0.0,1,4,267,0,1
Melbourne,Koltyn Tholstrup,,7.97278038000721,8.007,80.429,17.143,3.786,1.643,2,0.143,1.714,4.214,337.571,0.643,1
Melbourne,Ed Langdon,,8.26459908694288,9.679,89,20.429,6.357,1.929,7,0.5,2.286,2.857,314.357,0.929,1
Melbourne,Christian Salem,,8.33238023778334,8.58,75,20.6,3.4,1.4,1,0.2,2.2,4.8,385.2,0.6,1
Melbourne,Caleb Windsor,,8.80090212440814,9.092,70.917,16.75,2,3,4,0.333,4.833,0.75,323.167,1.917,1
Melbourne,Jai Culley,,8.80689051066059,7.929,70,12.286,3,2.143,1,0.143,2,0.571,190.571,1.429,1
Melbourne,Steven May,,8.85953767266808,,,,,,,,,,,,1
Melbourne,Jake Lever,,8.86634484866532,8.646,94.308,15.462,7.769,1.462,0,0.0,0.538,3.538,253.769,0,1
Melbourne,Bayley Fritsch,,9.11806140737846,10.531,87.154,12.846,3.077,2.385,17,1.308,2,0.231,224.769,0.692,1
Melbourne,Harry Sharp,,9.51830050818684,10.107,81.071,14.071,3,2.571,16,1.143,3.929,0.5,294.714,1.214,1
Melbourne,Daniel Turner,,9.79437880700301,9.458,90.917,14.333,6.333,1.833,2,0.167,1.583,3.333,287.417,0,1
Melbourne,Harvey Langford,,9.96589235556159,9.893,76.357,16.357,3.571,1.5,16,1.143,2.286,0.643,298.429,1.429,1
Melbourne,Tom Campbell,,9.99769167723212,,,,,,,,,,,,1
Melbourne,Tom Sparrow,,10.0249567851092,12.293,73,20.929,2.786,5.929,6,0.429,4.143,1.357,370.286,5.071,1
Melbourne,Jake Bowey,,10.3237743157075,12.767,81,24.5,4.667,1.667,0,0.0,1.667,6,492.5,0.833,1
Melbourne,Jack Viney,,10.4857877956078,,,,,,,,,,,,1
Melbourne,Trent Rivers,,11.0710763946991,12.057,71.571,19.429,5.143,2.286,3,0.429,3.143,2.286,358.571,1,1
Melbourne,Max Heath,,11.4395025596108,7.883,37.333,6.667,1.333,1.333,1,0.167,1.667,0.5,109.667,1.5,1
Melbourne,Kade Chandler,,11.7264143358719,14.214,84,16.214,2.5,4.214,14,1.0,3.714,0.929,280.786,2.286,1
Melbourne,Jack Steele,,11.7564445273404,13.179,76.143,24.143,3.143,6.357,3,0.214,4.571,1.143,338.929,5.571,1
Melbourne,Kysaiah Pickett,,14.8442089636615,17.693,84,23,3.071,4.786,22,1.571,5.071,1.786,508.143,4.643,1
Melbourne,Max Gawn,,16.5787426747013,18.729,82.929,21.143,4.214,1.786,10,0.714,3.786,1.714,283.286,6.214,1
Greater Western Sydney,Josaia Delana,,3.81328632740813,3.775,67.5,6,0.25,3,0,0.0,1.75,0.25,87,0.5,1
Greater Western Sydney,Oliver Hannaford,,3.88499241776106,0.6,55.8,9.2,2.4,1.2,2,0.4,1.2,0.2,130.6,0.2,1
Greater Western Sydney,Harrison Oliver,,5.12432637358246,4.15,65.5,11.5,2,2.5,1,0.5,1,0,196.5,1,1
Greater Western Sydney,Jack Ough,,5.71701389189729,,,,,,,,,,,,1
Greater Western Sydney,Riley Hamilton,,5.71701389189729,,,,,,,,,,,,1
Greater Western Sydney,Logan Smith,,5.71701389189729,,,,,,,,,,,,1
Greater Western Sydney,Finnegan Davis,,5.71701389189729,,,,,,,,,,,,1
Greater Western Sydney,Nathan Wardius,,5.71701389189729,,,,,,,,,,,,1
Greater Western Sydney,Oskar Taylor,,5.71701389189729,,,,,,,,,,,,1
Greater Western Sydney,James Leake,,6.00092348749821,6.32,72.8,13,3.2,2.2,0,0.0,0.8,1.8,149,0.6,1
Greater Western Sydney,Cody Angove,,6.00794098535835,,,,,,,,,,,,1
Greater Western Sydney,Max Gruzewski,,6.02906454555679,6.287,70.5,7.625,3.75,0.5,14,1.75,1.125,0.125,142.5,0,1
Greater Western Sydney,Jake Riccardi,,6.21930642910128,6.8,73.556,11.556,3.778,1.889,14,1.556,2.222,0.111,181,0.556,1
Greater Western Sydney,Toby McMullin,,6.38755015329851,4.533,61.5,9.833,1.833,1.333,0,0.0,1.167,1,169,0.167,1
Greater Western Sydney,Conor Stone,,7.0648048681968,10.033,70.333,14,2.333,1.333,0,0.0,3,1.333,227.667,0.333,1
Greater Western Sydney,Jayden Laverde,,7.10900421977321,8.169,90.308,15.385,6.385,2,0,0.0,0.385,3.538,203.692,0.077,1
Greater Western Sydney,Jesse Hogan,,7.36569920471799,4.575,85.25,8.875,4.5,0.75,11,1.375,1.375,0,172.5,0.125,1
Greater Western Sydney,Harry Rowston,,7.64468928265002,6.55,67,15.75,4.5,2.75,3,0.75,2.25,2,240,1.5,1
Greater Western Sydney,Leek Aleer,,7.65257664493415,7.94,59.6,8,1.8,3.4,2,0.4,1.8,0.4,145,1.2,1
Greater Western Sydney,Callum Brown,,7.72687491548608,6,70.375,9.75,3,2,6,0.75,2,0.375,187.75,0,1
Greater Western Sydney,Joe Fonti,,7.88741364648591,8.733,82.917,18.417,6.5,2.583,1,0.083,1.417,3.667,291.583,0.667,1
Greater Western Sydney,Stephen Coniglio,,8.15495237056053,7.018,67.091,16,3.091,2.727,3,0.273,2.091,0.727,171.273,1.545,1
Greater Western Sydney,Ryan Angwin,,8.7260122826923,8.73,81.5,16.7,3.5,2.4,3,0.3,2.7,1.1,279.9,1,1
Greater Western Sydney,Aaron Cadman,,8.85372857078615,11.475,88.625,11.125,4.75,2.75,18,2.25,2.125,0,241.375,0.125,1
Greater Western Sydney,Xavier O'Halloran,,8.94710289922855,9.15,73.5,15.25,2.875,2,2,0.25,3.75,1.125,322.125,1.5,1
Greater Western Sydney,Sam Taylor,,9.10418538989822,4.5,77,10.5,7.5,0,0,0.0,1,3.5,94,0,1
Greater Western Sydney,Harry Himmelberg,,9.23613651258194,9.046,84.462,16.462,5.462,1.385,1,0.077,1.308,2.692,256.846,0.385,1
Greater Western Sydney,Toby Bedford,,9.27884497921589,11.344,77.556,14,2,4.222,9,1.0,2.111,0.444,201.111,1.333,1
Greater Western Sydney,Jack Buckley,,9.64504607503322,8.789,81.667,11.111,3.667,1.333,0,0.0,0.556,2.333,201,0.111,1
Greater Western Sydney,Jake Stringer,,9.7598324583067,11.923,81.769,12.462,3.846,1.769,27,2.077,2.692,0.077,297,0.846,1
Greater Western Sydney,Toby Greene,,10.3139569995945,11.315,82,21.231,3.615,2.923,19,1.462,5.769,1.077,409.231,3.308,1
Greater Western Sydney,Connor Idun,,10.3893658102528,11.108,98.846,20.615,6.385,1.692,0,0.0,0.462,3.846,240.692,0.308,1
Greater Western Sydney,Lachie Whitfield,,10.4110913548,11.55,80.167,29.5,6.417,2.333,0,0.0,3,4.75,464.667,0.667,1
Greater Western Sydney,Josh Kelly,,10.5844518673614,,,,,,,,,,,,1
Greater Western Sydney,Darcy Jones,,10.7176649272218,,,,,,,,,,,,1
Greater Western Sydney,Nicholas Madden,,10.8058214781028,7.367,66.667,12.667,2,4.333,0,0.0,1.333,0.667,84.667,2.333,1
Greater Western Sydney,Phoenix Gothard,,10.8828772225701,10.354,73.692,14.923,2.231,3.385,17,1.308,2.308,0.231,205.538,1.077,1
Greater Western Sydney,Harvey Thomas,,11.0919439931738,12.662,82,20.385,3.231,4.154,6,0.462,2.385,2.385,265.615,1.846,1
Greater Western Sydney,Kieren Briggs,,12.0720672761963,11.15,67.8,11.5,1.5,3.5,1,0.1,2.1,0.4,172.2,4.3,1
Greater Western Sydney,Lachie Ash,,12.5769621757168,14.308,81.077,30.154,8,1.308,0,0.0,3.923,6.692,626,1.154,1
Greater Western Sydney,Brent Daniels,,13.1542353359718,15.963,75,19.5,2.5,3.625,10,1.25,5,0.625,350.625,4.625,1
Greater Western Sydney,Clayton Oliver,,13.1918364178428,14.977,81.385,31.692,2.923,4.846,2,0.154,3.538,2.308,341.615,8.308,1
Greater Western Sydney,Finn Callaghan,,14.1815061832242,14.646,80.615,28.538,3.231,4,6,0.462,5.538,2.846,530.154,4.538,1
Greater Western Sydney,Tom Green,,15.704343622314,,,,,,,,,,,,1
Carlton,Hudson O'Keeffe,,4.15928756185475,2.5,47.333,5.667,1,1.333,0,0.0,1.667,0,84.667,1,1
Carlton,Talor Byrne,,4.70560760101004,3.938,67.625,7,2.25,2.25,5,0.625,1.375,0.25,123.375,0.25,1
Carlton,Ashton Moir,,5.36351567773977,5.65,73.5,8.5,2.5,2,3,1.5,0,0,80,1,1
Carlton,Flynn Young,,5.58068440447087,5.933,75.333,9.333,3,1.333,2,0.667,2.667,0.333,175.667,0.333,1
Carlton,Wade Derksen,,5.60048357592714,5.9,86.75,12.75,4.75,0.75,0,0.0,0.25,2.5,203.25,0.25,1
Carlton,Ben Camporeale,,5.71701389189729,,,,,,,,,,,,1
Carlton,Flynn Riley,,5.71701389189729,,,,,,,,,,,,1
Carlton,Harry Charleson,,5.71701389189729,,,,,,,,,,,,1
Carlton,Rob Monahan,,5.71701389189729,,,,,,,,,,,,1
Carlton,Matt Duffy,,5.71701389189729,,,,,,,,,,,,1
Carlton,Lucas Camporeale,,5.84533895861689,,,,,,,,,,,,1
Carlton,Jack Ison,,6.06831386442495,4.9,74,11.25,4,1,3,0.75,2,0.25,200,0,1
Carlton,Harry O'Farrell,,6.31964450305896,,,,,,,,,,,,1
Carlton,Jordan Boyd,,6.48134194163493,7.8,73,14.5,5,3,0,0.0,1.5,3.5,330.5,0,1
Carlton,Campbell Chesser,,6.5070652794834,4.833,77.667,15.333,4,3.333,0,0.0,1.333,1.667,276.667,0.667,1
Carlton,Lewis Young,,6.76217503445443,6.186,87.143,10.286,3.286,1.143,0,0.0,1,2.714,135.143,0.571,1
Carlton,Brodie Kemp,,6.77061389618414,5.931,86.385,11.385,5.154,1.846,21,1.615,1.462,0.308,151.385,0.077,1
Carlton,Oliver Hollands,,6.84619933253171,5.711,85.889,18.222,5.778,2.778,1,0.111,2.222,3.222,325,0.889,1
Carlton,Billy Wilson,,7.23914467381286,7.06,69.6,19.4,4.8,1.4,0,0.0,1.6,3,322.6,0.8,1
Carlton,Lachlan Cowan,,7.32926317306372,6.542,79.583,15.167,5.083,1.667,0,0.0,1.667,4.167,303.583,0.667,1
Carlton,Ben Ainsworth,,7.46194567240807,8.785,78.538,17.462,4.692,1.923,13,1.0,3.077,0.385,265.462,1,1
Carlton,Will Hayward,,7.60673602421514,8.317,78.25,16,5.667,2.167,12,1.0,3.167,0.5,286.25,0.083,1
Carlton,Liam Reidy,,7.62687700978494,8.033,63.333,8.667,1,2.667,0,0.0,1.333,0.667,87.333,1.667,1
Carlton,Harry Dean,,7.64131009482531,7.5,77.273,10.909,4.455,1.091,0,0.0,0.636,1.818,153.455,0.182,1
Carlton,Lachie Fogarty,,7.73207586124657,4.2,68.5,10,0.5,1.5,0,0.0,0,1,114,0.5,1
Carlton,Blake Acres,,7.93502470211815,8.45,80.5,21,7.5,2.5,0,0.0,1.5,1.5,341,0.5,1
Carlton,Francis Evans,,8.08622089761284,6.636,75.364,13,2.273,3.545,5,0.455,2.455,1,221.545,0.636,1
Carlton,Jesse Motlop,,8.14692779849461,,,,,,,,,,,,1
Carlton,Matthew Carroll,,8.33605024163492,9.32,69.6,14,4.3,0.8,9,0.9,3.4,1.4,332.6,0.3,1
Carlton,Mitch McGovern,,8.43877946102325,8.746,77.538,10.077,3.462,2.154,21,1.615,1.923,0.615,208.923,0.077,1
Carlton,Matthew Cottrell,,8.63630889494997,6.1,79,11,2.5,2,0,0.0,1.5,1.5,184,1,1
Carlton,Harry McKay,,8.7181390555622,7.667,88.167,14.167,6.167,1.417,17,1.417,2.417,0.25,267.333,1.333,1
Carlton,Nick Haynes,,8.73762965199164,8.378,87.222,17.333,6.556,1.333,0,0.0,0.889,3.889,289,0.222,1
Carlton,Elijah Hollands,,9.03063393231926,9.55,74.5,15.5,2.833,1.333,5,0.833,2.667,1.167,212,0.667,1
Carlton,Jacob Weitering,,9.37576172804141,9.49,91.9,13.9,6.7,0.8,0,0.0,0.1,3.1,178.1,0,1
Carlton,Jagga Smith,,9.45239990065967,9.077,75.692,23.692,3.231,2.385,3,0.231,3.231,1,228.846,3.538,1
Carlton,Adam Cerra,,9.45869359000899,7.66,73.8,20.4,4.9,3.2,2,0.2,3.4,1.1,290.6,2.8,1
Carlton,Nic Newman,,9.54577295563636,9.8,82.5,22.4,6.8,2.4,1,0.1,1.7,3.9,441.4,0.4,1
Carlton,Cooper Lord,,9.58172616950809,8.9,72.333,21.333,2.667,2.667,1,0.333,3.667,2.333,329.667,1.667,1
Carlton,Oliver Florent,,9.76000630883173,11.146,83.538,21.923,5.154,2.077,1,0.077,2.462,4.769,441.462,1.462,1
Carlton,Adam Saad,,10.1298002351511,11.367,75,14.333,2.333,1.333,0,0.0,1.333,4,267,0.333,1
Carlton,Zac Williams,,10.7977909264752,11.578,71.556,17.444,2.889,2.889,2,0.222,2.556,3,347.222,2.444,1
Carlton,George Hewett,,11.9074707200349,10.422,72.889,21.222,3.556,4.444,4,0.444,3,0.667,190.667,3.667,1
Carlton,Sam Walsh,,11.9189652069931,12.085,78.923,27.769,3.769,4.846,3,0.231,4.769,2,396.615,3.692,1
Carlton,Marc Pittonet,,11.934397427967,12.133,70.333,12,1.083,3.417,6,0.5,0.833,1,88.417,4.417,1
Carlton,Patrick Cripps,,13.2930171934255,12.577,81.769,26,2.462,5,8,0.615,3.462,0.615,277.692,6.923,1
Collingwood,Charlie West,,4.31019926832672,3.25,72,6.5,3,1,1,0.5,1.5,0,111.5,0,1
Collingwood,Jack Buller,,4.42182568210929,3.033,76.833,8.333,3.333,1.667,5,0.833,0.667,0,89.5,0.333,1
Collingwood,Jakob Ryan,,5.34969068524294,,,,,,,,,,,,1
Collingwood,Wil Parker,,5.39783295763733,4.88,76,11,3.2,1.2,0,0.0,1,2.2,186.4,0.2,1
Collingwood,William Hayes,,5.51421012820435,5.717,64.667,6.667,2,1,5,0.833,1.5,0.333,116.333,0,1
Collingwood,Tim Membrey,,5.53576300722764,5.733,81.556,9.889,4.556,1,12,1.333,1.222,0,130.556,0,1
Collingwood,Mitch Podhajski,,5.55186614895709,2.6,64,13,3,2,1,1.0,3,0,139,0,1
Collingwood,Tew Jiath,,5.65856522396835,,,,,,,,,,,,1
Collingwood,Liam Puncher,,5.71701389189729,,,,,,,,,,,,1
Collingwood,Noah Howes,,5.71701389189729,,,,,,,,,,,,1
Collingwood,Harry DeMattia,,5.71701389189729,,,,,,,,,,,,1
Collingwood,Iliro Smit,,5.71701389189729,,,,,,,,,,,,1
Collingwood,Joel Cochran,,5.71701389189729,,,,,,,,,,,,1
Collingwood,Zac McCarthy,,5.71701389189729,,,,,,,,,,,,1
Collingwood,Jai Saxena,,5.71701389189729,,,,,,,,,,,,1
Collingwood,Harrison Coe,,5.71701389189729,,,,,,,,,,,,1
Collingwood,Sam Swadling,,5.71701389189729,,,,,,,,,,,,1
Collingwood,Tyan Prindable,,5.71701389189729,,,,,,,,,,,,1
Collingwood,Reef McInnes,,5.90954289757427,,,,,,,,,,,,1
Collingwood,Harvey Harrison,,7.20716617384945,7.25,70,9,3,5.5,0,0.0,0.5,0,142.5,1,1
Collingwood,Lachlan Sullivan,,7.33114541611571,3.7,73,11,1,0,1,1.0,5,1,159,0,1
Collingwood,Daniel McStay,,7.55170376733804,8.554,76.615,8.769,4.385,2.308,22,1.692,1.769,0.077,151.538,0.692,1
Collingwood,Jamie Elliott,,7.74389532410744,8.718,82.909,11.818,3.545,1.455,17,1.545,1.545,0,152.091,0.636,1
Collingwood,Roan Steele,,7.82766633127242,8.5,79.538,14.462,3,1.615,11,0.846,2.308,1.231,250.923,1.154,1
Collingwood,Isaac Quaynor,,8.2117780857199,8.6,83.154,17.769,6.308,2.538,0,0.0,1.385,4,337.692,0.615,1
Collingwood,Bobby Hill,,8.35228406508839,,,,,,,,,,,,1
Collingwood,Angus Anderson,,8.39685843720567,8.787,66.125,13.25,2.625,3.25,9,1.125,2.75,0.875,260.5,1,1
Collingwood,Harry Perryman,,8.44226301664728,8.033,76.889,17.667,5,3,0,0.0,1.889,3.111,303.778,0.556,1
Collingwood,Oscar Steene,,8.50193471401832,7.762,59.875,8.375,2.25,1.5,4,0.5,1,0,67.375,1.875,1
Collingwood,Steele Sidebottom,,8.52199351016307,7.827,78.273,15.273,4.727,1.727,2,0.182,2.091,1.727,218.636,1.636,1
Collingwood,Edward Allan,,8.76975486612554,7.975,64.125,13.125,1.625,3.75,1,0.125,2.25,1.125,233.375,1.75,1
Collingwood,Ned Long,,8.78582791515137,6.791,73.091,15.909,2.636,6,3,0.273,2.364,0.818,205.818,1.909,1
Collingwood,Billy Frampton,,8.7897247981046,9.685,95.846,12.462,5.846,1.308,0,0.0,0.462,3,171.077,0,1
Collingwood,Darcy Moore,,8.8112020160808,3.225,54.5,6.25,3,0.75,0,0.0,0,2.75,100,0,1
Collingwood,Patrick Lipinski,,8.85611398837885,8.392,81.333,20.25,4.5,2.5,4,0.333,2.583,2.083,284.75,1.5,1
Collingwood,Lachie Schultz,,8.99389279550502,9.446,80.308,15.692,4.769,4.231,13,1.0,2.923,0.462,266.462,0.769,1
Collingwood,Dan Houston,,9.49625493307287,9.577,81.077,22.923,6.923,2.308,1,0.077,1.846,5,400.077,0.769,1
Collingwood,Beau McCreery,,9.5874968183051,10.333,76.667,14.75,2.417,4.75,7,0.583,3.333,0.583,277.583,1.5,1
Collingwood,Jeremy Howe,,9.87176372687759,10.28,90.4,17.6,7.2,1.2,0,0.0,0.9,4.5,354.5,0.2,1
Collingwood,Jordan De Goey,,9.89266083664974,10.275,75.667,19.917,4.667,2.5,12,1.0,4.083,1.083,322.917,2.167,1
Collingwood,Brayden Maynard,,9.93276428757363,10.554,79,18.923,5.692,3.308,1,0.077,2,4.077,404.769,0.308,1
Collingwood,Josh Daicos,,10.6765494501878,10.723,83,26.538,6,2.385,1,0.077,3.308,4.846,488.769,1.538,1
Collingwood,Jack Crisp,,11.3379521859095,11.577,79.923,22.769,5.923,4.308,3,0.231,3.615,1.846,361.077,1.692,1
Collingwood,Darcy Cameron,,11.6699555327845,10.35,78.667,17.417,3.917,2.667,1,0.083,1.5,1.083,142,4.417,1
Collingwood,Scott Pendlebury,,12.0828779886286,12.93,72.3,24.1,4.7,2.5,3,0.3,2,1.3,218.2,3.8,1
Collingwood,Nick Daicos,,15.3580047934286,15.633,86.667,34.917,4.833,2,14,1.167,7,2.5,609.25,5.083,1
Port Adelaide,Harrison Ramm,,3.8341479015572,-1.7,86,4,2,2,0,0.0,1,0,82,0,1
Port Adelaide,Ollie Lord,,4.27749598524045,3.5,79,7,1,2,0,0.0,0,0,22,1,1
Port Adelaide,Mani Liddy,,4.67850688587122,,,,,,,,,,,,1
Port Adelaide,Jack Watkins,,4.85187271564636,4.111,62.778,13,2.667,2.333,3,0.333,2.778,0.556,176,1.111,1
Port Adelaide,Xavier Bamert,,4.85350492043938,0.6,61,11,4,2,1,1.0,2,0,217,1,1
Port Adelaide,Mitch Zadow,,4.97775804010235,0.9,67,3,2,5,0,0.0,0,0,9,0,1
Port Adelaide,Jack Whitlock,,5.04918407780573,4.177,78.692,8.462,3.615,1,13,1.0,1,0.077,123.077,0.385,1
Port Adelaide,Tom Anastasopoulos,,5.33627702838968,2.85,79.5,13,3.5,2,0,0.0,1.5,0.5,167,0,1
Port Adelaide,Tom Cochrane,,5.58599165026223,6.25,69,6.5,1.5,3,2,1.0,3.5,0,180.5,0.5,1
Port Adelaide,Jacob Wehr,,5.58803016717796,3.791,77.455,13.273,3.818,2.545,1,0.091,2.545,1.636,295.182,0.727,1
Port Adelaide,Dante Visentini,,5.59214589966797,4.683,69.5,5.5,1.333,3.167,1,0.167,0.833,0.333,48.833,1.167,1
Port Adelaide,Josh Sinn,,5.62607197820261,,,,,,,,,,,,1
Port Adelaide,Alex Van Wyk,,5.71701389189729,,,,,,,,,,,,1
Port Adelaide,Benny Barrett,,5.71701389189729,,,,,,,,,,,,1
Port Adelaide,Xavier Walsh,,5.71701389189729,,,,,,,,,,,,1
Port Adelaide,Balyn O'Brien,,5.71701389189729,,,,,,,,,,,,1
Port Adelaide,Jacob Moss,,5.71701389189729,,,,,,,,,,,,1
Port Adelaide,Christian Moraes,,6.47549821868224,5.2,59.286,14.857,3.286,1.857,2,0.286,1.857,0.857,147,0.714,1
Port Adelaide,Todd Marshall,,6.55695796339378,6.675,71.75,11,5,1.25,2,0.25,1.25,3,252.875,0,1
Port Adelaide,Josh Lai,,6.59139492539082,6.167,70.556,10.889,4.667,1.333,0,0.0,0.889,2.111,238.222,0.222,1
Port Adelaide,Mitch Georgiades,,6.87079202134821,6.415,92.231,12.308,6.308,1.308,30,2.308,0.923,0.077,205.538,0.308,1
Port Adelaide,Corey Durdin,,6.91663880049183,7.092,77.231,8.538,3.615,2.308,20,1.538,1.769,0.077,159.923,0.231,1
Port Adelaide,Will Lorenz,,6.92407671218078,4.8,76,16,4,2,0,0.0,1,0,180,3,1
Port Adelaide,Brandon Zerk-Thatcher,,7.19114772802389,,,,,,,,,,,,1
Port Adelaide,Jackson Mead,,7.25429256190262,7.75,72.25,14.5,3,3,0,0.0,2.25,2.75,236.75,1.75,1
Port Adelaide,Logan Evans,,7.39202322328876,6.638,85.615,17.385,5.692,2.077,1,0.077,1.154,4.154,319,0.385,1
Port Adelaide,Lachie Jones,,7.47321112233616,6.7,77.364,11.364,3.909,1.818,2,0.182,1.273,2.636,229.909,0.182,1
Port Adelaide,Sam Powell-Pepper,,7.59241180197395,,,,,,,,,,,,1
Port Adelaide,Miles Bergman,,7.83391504903851,6.25,73.75,13.25,5.25,1.125,3,0.375,1.625,2.125,276.625,0.625,1
Port Adelaide,Ewan Mackinlay,,7.8615454073467,7.362,78.231,11.769,2.769,2.769,5,0.385,1.846,1.231,244,0.846,1
Port Adelaide,Darcy Byrne-Jones,,7.90995883008967,7.977,79.308,18.615,4.846,1.846,4,0.308,1.231,3.231,294.692,0.692,1
Port Adelaide,Joe Berry,,7.94909055534483,8.1,75.769,13.615,3.769,1.615,10,0.769,3.923,0.308,235.077,0.846,1
Port Adelaide,Esava Ratugolea,,7.95680922754765,8.086,84.143,10.857,5.286,1.286,0,0.0,0.286,2.571,137,0.286,1
Port Adelaide,Jack Lukosius,,8.0586421728238,10.4,81.5,13.25,6.25,2,6,1.5,3.5,1,375.75,0.25,1
Port Adelaide,Jase Burgoyne,,8.23279332035008,7.685,83.077,21,4.923,2.923,3,0.231,2.769,2.385,306.769,1.538,1
Port Adelaide,Kane Farrell,,8.55262977301286,9.1,78.667,19.667,6.583,2.083,2,0.167,2.583,4.75,533.583,0.833,1
Port Adelaide,Joe Richards,,9.14241687103652,9.138,80.692,17,4.385,4.308,8,0.615,3.385,0.692,275.923,2.308,1
Port Adelaide,Ollie Wines,,9.18893258880023,8.18,61,19.6,3.6,3.9,2,0.2,2.8,0.7,198.5,2.6,1
Port Adelaide,Aliir Aliir,,9.52954272731283,10.485,99.231,16,8.462,1.308,0,0.0,0.385,3.462,269,0.077,1
Port Adelaide,Ivan Soldo,,9.95331168451748,,,,,,,,,,,,1
Port Adelaide,Connor Rozee,,10.2277982608543,4.4,67.5,22.5,4.5,3,0,0.0,3.5,3.5,442.5,2.5,1
Port Adelaide,Jordon Sweet,,10.8894630977884,11.075,79.5,12.75,2.667,2.417,7,0.583,1.833,1.083,203.583,5.167,1
Port Adelaide,Willem Drew,,11.005057830444,11.131,79.692,18.615,2.846,6.231,2,0.154,3.462,1.077,248.077,5.154,1
Port Adelaide,Jason Horne-Francis,,11.9234437286812,12.531,79.846,21.769,4.846,3.308,19,1.462,4,0.923,354.385,4.769,1
Port Adelaide,Will Brodie,,12.2232378228442,5.9,42,18,2,3,0,0.0,1,0,65,3,1
Port Adelaide,Zak Butters,,17.2147608298165,18.608,83.846,30.154,3.231,4.154,4,0.308,5.462,1,515.846,5.692,1
Richmond,Harry Armstrong,,3.50797812842762,2.067,70.667,3.333,2.333,0.333,1,0.333,0.667,0,76.667,0,1
Richmond,Luke Trainor,,3.98905281510455,2.457,83.286,15.286,5.143,1.571,0,0.0,1,3.857,257.429,0.286,1
Richmond,Tom Sims,,4.13244185037374,,,,,,,,,,,,1
Richmond,Jonty Faull,,4.27130965397284,4.26,80.8,6.9,2.7,1.4,7,0.7,1.3,0.1,156,0,1
Richmond,Noah Roberts-Thomson,,4.54718416953138,5.2,71,6,1.333,2,4,1.333,1.333,0.667,172.667,0.333,1
Richmond,Liam Fawcett,,4.60214557104713,4.417,82.167,5.5,2.333,0.833,10,1.667,1.167,0,101.333,0,1
Richmond,Kaleb Smith,,4.94756302408442,,,,,,,,,,,,1
Richmond,Tom Burton,,5.04710785256773,4.48,77.4,10.6,0.8,1,0,0.0,2,0.2,156.6,0.2,1
Richmond,Jasper Alger,,5.41637268707145,5.75,62.25,7.25,3.25,2.25,7,1.75,0.75,0,133.25,0.25,1
Richmond,Samson Ryan,,5.5142624395381,4.2,68,8.333,1.667,1.667,0,0.0,2.667,0.333,137.333,2.333,1
Richmond,Sam Cumming,,5.64101836914901,6.514,73,14.143,2.143,2.714,5,0.714,3.143,0.857,192.286,2,1
Richmond,Zane Peucker,,5.71701389189729,,,,,,,,,,,,1
Richmond,Josh Smillie,,5.71701389189729,,,,,,,,,,,,1
Richmond,Sam Grlj,,5.84746922306125,5.792,75.25,15.917,3.333,2.833,0,0.0,2.167,1.75,281.667,0.5,1
Richmond,Kye Annand,,5.92410055152999,6.7,91,14,2,2,0,0.0,2,6,259,1,1
Richmond,Patrick Retschko,,6.17630432949037,6.337,85.625,17.5,4.875,2.125,0,0.0,2.25,2.875,381.625,0.5,1
Richmond,Josh Gibcus,,6.53604682077162,2.6,76,9,4,4,0,0.0,0,2,127,0,1
Richmond,Steely Green,,6.56285424212306,5.992,83.077,11,2.923,2.692,13,1.0,1.692,0.462,168.462,0.615,1
Richmond,Campbell Gray,,6.87092738250966,4.9,66.556,6.556,2.778,1.778,1,0.111,0.333,1.778,112.778,0.111,1
Richmond,Judson Clarke,,6.95035236857987,,,,,,,,,,,,1
Richmond,James Trezise,,7.0086608995221,6.033,79.778,16.111,5,2.333,1,0.111,1.667,1.667,175.333,0.667,1
Richmond,Mykelti Lefau,,7.04605514982903,7.582,86.273,7.909,3.364,3.364,11,1.0,1.364,0,108.273,0.545,1
Richmond,Tyler Sonsie,,7.06399680799658,6.673,84.455,17.091,4.545,1.273,4,0.364,2.545,1.273,293.545,0.909,1
Richmond,Maurice Rioli,,7.11665780316915,6.057,71,7.143,1.286,3.714,1,0.143,1.571,0.286,94.429,0.857,1
Richmond,Sam Banks,,7.42079577637599,5.775,69.75,17.125,3.375,1.625,1,0.125,1.875,2.875,266,0.625,1
Richmond,Nathan Broad,,7.52237514548156,7.692,80.167,13.667,5.417,0.417,0,0.0,0.917,2.833,185,0.25,1
Richmond,Rhyan Mansell,,7.52714812366081,13.7,82,12,7,4,2,2.0,3,0,262,0,1
Richmond,Hugo Ralphsmith,,7.61202235946675,8.44,87.6,14.2,2.4,0.6,2,0.4,2.6,1.6,240.8,1.2,1
Richmond,Kane McAuliffe,,7.61968840517951,6.133,73.167,19,3.333,3.333,2,0.333,4,1.833,401.833,1.667,1
Richmond,Tom Lynch,,7.88158770567179,6.329,76.571,9.571,3.714,1.714,11,1.571,0.857,0.143,165.571,0.571,1
Richmond,Noah Balta,,8.0738105577847,8.058,83.917,13.25,5.25,0.75,6,0.5,1.917,2.417,277.75,1.833,1
Richmond,Jayden Short,,8.08867857578223,8.383,82.167,24.583,7.667,1.25,2,0.167,3.083,5.083,500.333,0.5,1
Richmond,Tom Brown,,8.09484754012293,6.525,69.25,13.375,4,1,0,0.0,1,4.25,296.625,0,1
Richmond,Nick Vlastuin,,8.24191608249062,6.675,83.833,15.333,4,2.083,1,0.083,0.333,4.083,251.5,0.25,1
Richmond,Jacob Hopper,,8.62906726624457,7.075,74,21.417,2.333,2.583,0,0.0,3.417,1.167,272.5,4.833,1
Richmond,Taj Hotton,,8.67974116961968,,,,,,,,,,,,1
Richmond,Ben Miller,,8.71540741159359,8.638,95.923,14.154,6.231,1.462,0,0.0,0.385,4.923,286.769,0.154,1
Richmond,Oliver Hayes-Brown,,9.31800644806917,7.557,53.143,9.857,0.857,0.714,1,0.143,2.143,0.143,84,3.429,1
Richmond,Sam Lalor,,9.67917419170364,11.171,75.714,16.571,4.143,2.714,8,1.143,4.571,1.286,369.286,3,1
Richmond,Seth Campbell,,9.86178632956298,10.538,80.154,14.769,3,1.846,12,0.923,3,0.462,262.615,1.692,1
Richmond,Dion Prestia,,9.96530821438029,7.922,66.889,19.444,3.667,3.222,1,0.111,3.222,1.111,259.222,2.889,1
Richmond,Jack Ross,,11.1668007032926,12.675,80.667,23.083,3.833,5.25,4,0.333,3.667,0.917,293.5,4.417,1
Richmond,Tim Taranto,,12.2955820771284,12.836,79.091,23.545,3.364,4.818,6,0.545,3.727,0.909,261.636,5.909,1
Richmond,Toby Nankervis,,12.8848312246196,14.75,63.5,17,2,4,0,0.0,1,2,198.5,5.5,1
North Melbourne,Zac Banch,,3.14427585392703,0.15,58,7.5,1.5,2.5,1,0.5,3,0,215,1,1
North Melbourne,Lachy Dovaston,,4.07349687183446,2.467,59.167,8.167,2.5,1.667,3,0.5,2,0,121,0.833,1
North Melbourne,Jackson Archer,,4.32127749671752,,,,,,,,,,,,1
North Melbourne,Wil Dawson,,4.59104061562751,2.75,50.75,5,1.25,2.5,0,0.0,1.25,0,63.75,0.25,1
North Melbourne,Cooper Harvey,,4.86307464106296,5,76,14,6,4,0,0.0,1,3,219,0,1
North Melbourne,Jacob Konstanty,,5.26632033094575,4.771,73.571,9.143,2,2.286,4,0.571,0.857,0,108,0.714,1
North Melbourne,Matt Whitlock,,5.41049746147437,,,,,,,,,,,,1
North Melbourne,Zane Duursma,,5.52021686967769,5.577,65,6.538,2.846,1,15,1.154,0.769,0.154,101.462,0.385,1
North Melbourne,Riley Hardeman,,5.63771311994783,0.95,59.5,9.5,2,0,0,0.0,2,2.5,249.5,0,1
North Melbourne,Brayden George,,5.71701389189729,,,,,,,,,,,,1
North Melbourne,Luke Urquhart,,5.71701389189729,,,,,,,,,,,,1
North Melbourne,Blake Thredgold,,5.71701389189729,,,,,,,,,,,,1
North Melbourne,River Stevens,,5.71701389189729,,,,,,,,,,,,1
North Melbourne,Hugo Mikunda,,5.71701389189729,,,,,,,,,,,,1
North Melbourne,Oliver Griffin,,5.71701389189729,,,,,,,,,,,,1
North Melbourne,Lachy Brewer,,5.71701389189729,,,,,,,,,,,,1
North Melbourne,Taylor Goad,,5.92878388962413,4.1,37,4,0,1,0,0.0,2,1,159,1,1
North Melbourne,Charlie Spargo,,5.93180259313224,5.867,69.778,11,3.111,1.889,5,0.556,1.889,0.444,166.667,0.222,1
North Melbourne,Callum Coleman-Jones,,5.99173125891822,4,52.5,9.5,1.5,1.75,0,0.0,0.75,0.5,86.75,3.75,1
North Melbourne,Bailey Scott,,6.10438052758862,,,,,,,,,,,,1
North Melbourne,Aidan Corr,,6.34985133649426,4.95,73.667,11.667,4,1.5,0,0.0,0.167,2.5,133,0,1
North Melbourne,Toby Pink,,6.37980942074641,6.9,90.8,12.2,5,0.8,0,0.0,1.2,2.4,227.4,0,1
North Melbourne,Luke McDonald,,6.38605149646108,5.969,86.769,16.231,5.615,2,1,0.077,1.385,3.538,282.231,0.308,1
North Melbourne,Robert Hansen Jr,,6.66677296590849,,,,,,,,,,,,1
North Melbourne,Dylan Stephens,,6.73585986407793,6.592,85.923,20.231,5.615,1.846,2,0.154,3.308,2.462,404.154,1.308,1
North Melbourne,Josh Goater,,6.77711997373037,,,,,,,,,,,,1
North Melbourne,Zac Fisher,,6.84874954170408,3.7,70,14,3,2,0,0.0,0,0,140,0,1
North Melbourne,Griffin Logue,,7.16197750775687,6.245,80.636,10.091,3.909,0.909,0,0.0,0.545,1.636,106.909,0.182,1
North Melbourne,Cameron Zurhaar,,7.51311112948906,7.123,79,14.231,5.077,1.462,8,0.615,2.615,1.923,303.846,0.308,1
North Melbourne,Nick Larkey,,7.55097517822367,8.246,91.231,9.538,4,1,30,2.308,1.308,0,135.615,0,1
North Melbourne,Charlie Comben,,7.62659573792233,7.733,92.667,11.833,6,1.75,1,0.083,0.583,2.5,152.917,0.167,1
North Melbourne,Tom Powell,,7.93432637932663,6.725,76.5,16.75,5,2.75,3,0.375,2.25,1,241.125,1.625,1
North Melbourne,Cooper Trembath,,8.01786863663532,8.623,79.846,8.538,4.154,2.077,18,1.385,1,0.231,112.538,0.462,1
North Melbourne,Jack Darling,,8.22984004893824,10.025,66.5,11,4.083,2.417,19,1.583,1.667,0.75,175.25,1.167,1
North Melbourne,Caleb Daniel,,8.49428595265291,8.762,84.538,23.692,4.923,2.538,0,0.0,2.154,3.923,401.846,1.615,1
North Melbourne,Tom Blamires,,8.55081842185346,8.74,80.1,18.2,3.9,1.5,3,0.3,2.9,2.4,353.2,0.8,1
North Melbourne,Colby McKercher,,8.59863842067564,7.938,81.385,20.846,2.692,2.615,4,0.308,2.923,2.692,325.385,0.846,1
North Melbourne,Paul Curtis,,8.80760762495934,8.423,80.231,12.385,3.846,3.769,22,1.692,2.077,0.231,218.692,1,1
North Melbourne,Luke Parker,,9.68012153130055,10.008,86.615,24.846,6.538,2,2,0.154,1.692,5.154,420.538,0.923,1
North Melbourne,Finn O'Sullivan,,9.68519021064388,12.467,83.111,20.556,4.111,3.111,5,0.556,3.778,1.333,304.111,3.667,1
North Melbourne,Jy Simpkin,,10.0373007067749,9.815,84.692,21.077,4.462,2,7,0.538,3.615,1.462,365.538,2.077,1
North Melbourne,Harry Sheezel,,11.3014323478238,11.815,79.846,30.385,6.231,4.154,6,0.462,4.692,1.538,380.308,4.923,1
North Melbourne,George Wardlaw,,13.2055049281812,12.96,61.3,17.7,2.5,5.3,3,0.3,2.5,1.1,245.6,4.4,1
North Melbourne,Luke Davies-Uniacke,,13.8002545207942,14.162,81.154,25.538,4.154,5.077,3,0.231,5.385,1.462,359.385,5.462,1
North Melbourne,Tristan Xerri,,14.6528052827971,14.67,75.1,18.8,2.9,6.3,3,0.3,2.1,1.2,153.5,7.3,1
St Kilda,Liam Stocker,,4.588330500449,3.756,74.111,10.111,3,1.444,0,0.0,0.667,1.222,135.667,0.556,1
St Kilda,Isaac Keeler,,4.613262562633,3.45,60.5,10.5,2.5,0.5,1,0.5,1.5,0,88.5,0.5,1
St Kilda,Liam O'Connell,,4.79603123754194,3.78,77.6,10.6,3,3,0,0.0,0.2,1.4,111.4,0.6,1
St Kilda,Angus Hastie,,4.91236277520545,5.05,73,9.5,2,5,0,0.0,1.5,1.5,194,0,1
St Kilda,Campbell Lake,,4.93086238154394,3.2,70.5,8.5,1.5,4.5,0,0.0,3,0.5,95.5,0.5,1
St Kilda,Tobie Travaglia,,4.94765224177156,,,,,,,,,,,,1
St Kilda,Alix Tauru,,5.0383272329886,4.125,60.625,8.125,3.25,0.875,4,0.5,1,1,99.25,0.25,1
St Kilda,Alex Dodson,,5.08184487611007,,,,,,,,,,,,1
St Kilda,Dan Butler,,5.14029801463672,4.65,63.833,8.333,1.5,2.833,4,0.667,1.167,0.667,129.5,0.5,1
St Kilda,Patrick Said,,5.71701389189729,,,,,,,,,,,,1
St Kilda,James Barrat,,5.71701389189729,,,,,,,,,,,,1
St Kilda,Kye Fincher,,5.71701389189729,,,,,,,,,,,,1
St Kilda,Eamonn Armstrong,,5.71701389189729,,,,,,,,,,,,1
St Kilda,Kobe McDonald,,5.71701389189729,,,,,,,,,,,,1
St Kilda,Dougal Howard,,5.90730778595516,4.8,79.333,12,7,0.167,0,0.0,0.333,2.333,151.5,0.333,1
St Kilda,Lance Collard,,5.93727728039571,,,,,,,,,,,,1
St Kilda,Hugh Boxshall,,6.09979993209755,3.42,71.4,11.4,2.6,4.6,0,0.0,1.4,0.8,167,1.4,1
St Kilda,Charlie Banfield,,6.65817137702536,6.5,67,9.667,3.667,3.667,1,0.333,2,0.667,175.667,0.667,1
St Kilda,Ryan Byrnes,,6.88040203786347,7.433,78.333,15.333,3.5,1.5,0,0.0,1.333,2,262,1,1
St Kilda,Jack Carroll,,7.05564905485237,5.658,79,15.417,6.083,1.917,0,0.0,2.75,2.5,323.417,0.25,1
St Kilda,Anthony Caminiti,,7.09427853669148,6.491,78.364,7.545,2.091,1.364,3,0.273,0.364,1.364,78.091,0.182,1
St Kilda,Max King,,7.52542021787395,,,,,,,,,,,,1
St Kilda,Liam Henry,,7.73722256487323,5.66,63,11,3,1.2,6,1.2,1.8,0.4,140.2,0,1
St Kilda,Marcus Windhager,,7.80323788412793,7.864,81.357,22,4,3,3,0.214,3.143,2.429,364.786,3,1
St Kilda,Mattaes Phillipou,,8.05309093359798,7.715,70.538,14.462,3.077,3.231,9,0.692,2.692,0.615,250.154,1.846,1
St Kilda,Jack Higgins,,8.23351263234467,9.812,79.75,9.625,2.375,1.75,17,2.125,0.5,0.125,143.25,0.375,1
St Kilda,Cooper Sharman,,8.34399619787659,7.857,84.143,11.214,4.714,1.143,19,1.357,2.143,0.286,191.429,0.214,1
St Kilda,Liam Ryan,,8.41409436937419,9.7,72.556,8.667,2.556,1.111,22,2.444,1.333,0,177.444,0.111,1
St Kilda,Jack Silvagni,,8.43097517028073,7.879,92.786,14,6.429,2.214,4,0.286,0.786,3.357,219.929,0.071,1
St Kilda,Mason Wood,,8.62916342864633,9.008,80.231,14.615,4.692,1.846,7,0.538,2.154,1.077,248.462,1,1
St Kilda,Hunter Clark,,8.72706807133293,5.2,49.667,15,6,2,0,0.0,1,3,282.333,0.333,1
St Kilda,Bradley Hill,,8.86956249072989,10.621,85.071,22.286,6.357,1.643,7,0.5,3.143,1.857,413.714,0.857,1
St Kilda,Mitch Owens,,8.99162367484831,8.782,87.455,12.545,3.455,1.545,16,1.455,2.182,0.091,180.182,0.909,1
St Kilda,Darcy Wilson,,9.68622478627493,10.438,83.077,20.923,4.538,2.231,12,0.923,3.923,1.308,348.615,1.308,1
St Kilda,Sam Flanders,,9.86159547762419,9.967,74.917,23.167,5.583,3.75,1,0.083,3.333,2.5,402.917,2.167,1
St Kilda,Tom De Koning,,9.90338123727456,8.271,76.357,13,3.286,1.643,10,0.714,2.286,0.5,174.5,2.929,1
St Kilda,Paddy Dow,,9.92693263962284,,,,,,,,,,,,1
St Kilda,Callum Wilkie,,10.1036739022885,10.7,94.357,23.214,9.429,1.857,0,0.0,0.429,5.643,320.857,0.143,1
St Kilda,Jack Macrae,,10.2252195975107,8.144,61.333,20.444,2.889,4.444,0,0.0,2.333,0.778,152.333,3.333,1
St Kilda,Rowan Marshall,,11.3952478879488,10.5,74.846,15.385,4,2.154,6,0.462,2.462,0.923,214.231,4.308,1
St Kilda,Hugo Garcia,,11.4507780866546,12.057,73.786,21.714,2.357,5.214,5,0.357,3.429,0.857,294.571,6,1
St Kilda,Max Hall,,12.5085393879165,13.764,81.286,20.286,4.357,2.929,16,1.143,4.357,0.786,325.571,4.071,1
St Kilda,Jack Sinclair,,13.0147735556835,13.829,83.786,29,6.714,1.714,2,0.143,2.929,5.357,549.071,1.143,1
St Kilda,Nasiah Wanganeen-Milera,,15.7343723585658,16.97,82.9,27.8,2.9,2.7,9,0.9,4.9,4.6,604.3,4,1
Western Bulldogs,Louis Emmett,,3.31645062341724,0.84,54.4,7,1.8,2.6,0,0.0,1.2,0.2,69.4,1.6,1
Western Bulldogs,Harvey Gallagher,,4.76489120752729,2.567,69.667,11.333,1.333,0,1,0.333,2.667,0.667,192,0.667,1
Western Bulldogs,Josh Dolan,,4.95953578353226,4.45,70.5,11.5,3,1.5,3,0.75,2.5,0,154.25,0,1
Western Bulldogs,Michael Sellwood,,5.17456807260433,5.021,82.5,12.143,4.143,2.5,0,0.0,1.143,3.357,215.143,0.214,1
Western Bulldogs,Jordan Croft,,5.19595565327793,3.9,68,7.667,2.333,1.333,8,0.889,1.556,0.111,120.111,1.111,1
Western Bulldogs,Caleb May,,5.71701389189729,,,,,,,,,,,,1
Western Bulldogs,Lachlan Carmichael,,5.71701389189729,,,,,,,,,,,,1
Western Bulldogs,Zac Walker,,5.71701389189729,,,,,,,,,,,,1
Western Bulldogs,Will Darcy,,5.71701389189729,,,,,,,,,,,,1
Western Bulldogs,Luke Kennedy,,5.74089322318862,5.2,67,10,0,3,0,0.0,0,0,-9,0,1
Western Bulldogs,Lachie Jaques,,5.92761925996151,5.713,76.25,15.5,4.5,2.375,0,0.0,2,2.625,274.625,0.5,1
Western Bulldogs,Will Lewis,,6.01589388642625,5.8,76.1,8.4,2.1,2,11,1.1,1.5,0,150.7,0.2,1
Western Bulldogs,Cooper Hynes,,6.26208889728457,5.725,73,11.75,1.833,2.833,5,0.417,1.833,1,173.333,0.917,1
Western Bulldogs,Laitham Vandermeer,,6.30749351886136,6.6,50,12,3,1,1,1.0,4,0,216,1,1
Western Bulldogs,Oskar Baker,,6.40931861426456,5.722,67.222,12.444,4.889,0.889,9,1.0,1.778,0.667,192.444,0.667,1
Western Bulldogs,Connor Budarick,,6.48489884654022,7.509,79,19.727,5.364,2.091,1,0.091,1.364,3.091,357.727,1,1
Western Bulldogs,Lachlan Smith,,6.56986851749365,5.9,58.5,8,1,4,0,0.0,1,0.5,63.5,2.5,1
Western Bulldogs,Arthur Jones,,6.70471664866562,7.133,70.556,12.444,3.333,1.778,11,1.222,2.222,0.111,209.889,0.333,1
Western Bulldogs,Nick Coffield,,6.74239732035556,7.657,80.857,15.429,6.286,1.286,0,0.0,1,3.286,193.143,0.286,1
Western Bulldogs,Lachlan McNeil,,7.02292192642179,5.9,62.714,9.429,1.571,3.143,4,0.571,1.429,0.429,88,0.429,1
Western Bulldogs,Lachlan Bramble,,7.31410702978435,7.821,78.643,15.214,3.357,1.857,4,0.286,2.286,1.929,272.786,0.5,1
Western Bulldogs,Luke Cleary,,7.32706398212069,3,31,3,0,0,0,0.0,0,0,19,0,1
Western Bulldogs,Ryan Gardner,,7.64569509920277,5.4,90,5,0,0,0,0.0,1,1,107,0,1
Western Bulldogs,Buku Khamis,,7.76999197899535,7.35,96.429,11.214,4.5,1.286,0,0.0,0.286,2.214,160.357,0.143,1
Western Bulldogs,Jedd Busslinger,,7.88865276889573,10.125,95.5,14.5,5.5,0.5,0,0.0,1.25,3.25,286.75,0.25,1
Western Bulldogs,James O'Donnell,,7.92942769008557,8.04,87.9,9.6,3.3,1.3,0,0.0,1.4,2.4,201.3,0.1,1
Western Bulldogs,Cody Weightman,,7.97835979023581,5.55,70,9.5,1,1.5,1,0.5,1.5,0.5,160,0.5,1
Western Bulldogs,Sam Davidson,,8.75780870141099,8.078,75.778,11.333,3.444,2.333,3,0.333,1.444,0.667,250.667,0.444,1
Western Bulldogs,Rory Lobb,,8.8183694147735,9.209,88.455,10.364,4,2.909,0,0.0,0.909,2.909,212.909,1.273,1
Western Bulldogs,Bailey Williams,,8.87173573179419,7.55,81.2,19.9,6.5,2.3,5,0.5,2.6,2,363.9,0.9,1
Western Bulldogs,James Harmes,,9.079418727465,,,,,,,,,,,,1
Western Bulldogs,Riley Garcia,,9.08409937156166,,,,,,,,,,,,1
Western Bulldogs,Rhylee West,,9.61581134143334,8.821,80.357,13.071,3.429,2.5,12,0.857,2.429,0.286,217.286,1,1
Western Bulldogs,Aaron Naughton,,10.0301700693222,9.907,82.214,10.857,4.286,1.786,32,2.286,1.357,0,176.929,0.071,1
Western Bulldogs,Matthew Kennedy,,10.5105766796071,10.343,75.357,25.214,4.143,5.143,2,0.143,3.714,1.929,348,6.071,1
Western Bulldogs,Adam Treloar,,10.7536634963363,5.56,58.4,16.6,3.6,1,2,0.4,2.4,1,171.6,2,1
Western Bulldogs,Ryley Sanders,,10.7636636724444,11.485,81.231,25.692,3.231,3.769,2,0.154,3.308,1.154,223.077,4.308,1
Western Bulldogs,Joel Freijah,,11.6746057561478,11.186,86.071,19.143,3.714,3.857,7,0.5,2.429,1.643,242.786,3.643,1
Western Bulldogs,Sam Darcy,,11.8771298655806,7.583,72.833,11.5,3.5,1.833,12,2.0,1.667,0.167,177.333,0.833,1
Western Bulldogs,Tim English,,11.9797427836911,12.933,74.111,15.111,4.333,2.222,5,0.556,2.556,1.111,231.556,2.444,1
Western Bulldogs,Bailey Dale,,12.8629272177546,12.486,82.929,26.214,4.143,1.643,1,0.071,1.357,5.714,503.786,0.643,1
Western Bulldogs,Tom Liberatore,,13.4626097062523,11.325,68,24.5,3.5,5.5,1,0.25,4.25,3.75,380.25,4.25,1
Western Bulldogs,Ed Richards,,16.0960062056088,16.792,79.923,25.308,4.154,5.077,11,0.846,6.769,2.385,549.154,5.692,1
Western Bulldogs,Marcus Bontempelli,,18.3324576145987,19.471,84.357,26.929,4.071,4.286,19,1.357,5.929,2.357,485.429,5.429,1
